{
    "sphere_radius": 1.0,
    "sphere_center": [
        0.0,
        0.0,
        0.0
    ],
    "bbox_size": 2.0,
    "resolution": [
        128,
        128,
        128
    ],
    "steepness": 10.0,
    "offset": 0.0,
    "coordinate_system": "right_handed_z_up",
    "grid_range": [
        -2.0,
        2.0
    ],
    "sdf_range": [
        -0.9727236032485962,
        2.464101552963257
    ],
    "logits_range": [
        -24.641016006469727,
        9.727235794067383
    ],
    "confidence_range": [
        1.9885783991702155e-11,
        0.9999403953552246
    ],
    "high_confidence_voxels": 134016,
    "total_voxels": 2097152,
    "mean_confidence": 0.07023676484823227
}