{
    "sphere_radius": 1.0,
    "sphere_center": [
        0.0,
        0.0,
        0.0
    ],
    "bbox_size": 2.0,
    "resolution": [
        64,
        64,
        64
    ],
    "steepness": 10.0,
    "offset": 0.0,
    "coordinate_system": "right_handed_z_up",
    "grid_range": [
        -2.0,
        2.0
    ],
    "sdf_range": [
        -0.945014476776123,
        2.464101552963257
    ],
    "logits_range": [
        -24.641016006469727,
        9.45014476776123
    ],
    "confidence_range": [
        1.9885783991702155e-11,
        0.9999213218688965
    ],
    "high_confidence_voxels": 16368,
    "total_voxels": 262144,
    "mean_confidence": 0.06859076023101807
}