{
  "resolution": 256,
  "bound": 1.1,
  "density_scale": 0.5,
  "std_value": 0.01,
  "checkpoint_step": 25000,
  "checkpoint_path": "exp/lego_baseline_25000_0704_2320/checkpoints/025000",
  "logits_stats": {
    "min": -75.1610107421875,
    "max": 18.42068099975586,
    "mean": -40.51020812988281,
    "std": 11.741085052490234
  },
  "density_stats": {
    "min": 1.6796936178970424e-31,
    "max": 147.3231201171875,
    "mean": 1.1306451559066772,
    "std": 6.038901329040527
  }
}