{
  "resolution": 128,
  "bound": 1.1,
  "density_scale": 0.5,
  "std_value": 0.01,
  "checkpoint_step": 25000,
  "checkpoint_path": "exp/lego_baseline_25000_0704_2320/checkpoints/025000",
  "logits_stats": {
    "min": -69.18881225585938,
    "max": 18.42068099975586,
    "mean": -40.582637786865234,
    "std": 11.692578315734863
  },
  "density_stats": {
    "min": 6.656515231440935e-29,
    "max": 148.7972412109375,
    "mean": 1.1158154010772705,
    "std": 5.987127780914307
  }
}