{
  "resolution": [
    128,
    128,
    128
  ],
  "checkpoint_step": 25000,
  "checkpoint_path": "/home/nilkel/Projects/zipnerf-pytorch/exp/lego_potential_25000_0710_1932_defaultconf_nogate/checkpoints/025000",
  "logits_stats": {
    "min": -22.39260482788086,
    "max": 16.708786010742188,
    "mean": -9.916170120239258,
    "std": 17.751588821411133
  },
  "confidence_stats": {
    "min": 1.883715405881503e-10,
    "max": 1.0,
    "mean": 0.31225505471229553,
    "std": 0.46006569266319275
  }
}